date,key,close
2026-10-07,AED/EGP,14.257596
2026-10-08,AED/EGP,14.257596
2026-10-07,AUD/EGP,36.518517
2026-10-08,AUD/EGP,36.447778
2026-10-07,CAD/EGP,36.84383
2026-10-08,CAD/EGP,36.740464
2026-10-07,CHF/EGP,62.919797
2026-10-08,CHF/EGP,62.908356
2026-10-07,CNY/EGP,7.814394
2026-10-08,CNY/EGP,7.816956
2026-10-07,DKK/EGP,7.864432
2026-10-08,DKK/EGP,7.851644
2026-10-07,EUR/EGP,58.792268
2026-10-08,EUR/EGP,58.684711
2026-10-07,GBP/EGP,69.395939
2026-10-08,GBP/EGP,69.199399
2026-10-07,JOD/EGP,73.712244
2026-10-08,JOD/EGP,73.712244
2026-10-07,QAR/EGP,13.975636
2026-10-08,QAR/EGP,13.975636
2026-10-07,SAR/EGP,13.937686
2026-10-08,SAR/EGP,13.936941
2026-10-07,SEK/EGP,5.23284
2026-10-08,SEK/EGP,5.240912
2026-10-07,USD/EGP,52.39
2026-10-08,USD/EGP,52.39
